{
    "CLI_version": "4.5.1",
    "branch": "certora",
    "conf": {
        "files": [
            "certora/harness/RewardsControllerHarness.sol:RewardsControllerHarness",
            "certora/harness/rewards/TransferStrategyHarness.sol",
            "certora/harness/tokens/DummyERC20_AToken.sol",
            "certora/harness/tokens/DummyERC20_rewardToken.sol"
        ],
        "link": [
            "TransferStrategyHarness:REWARD=DummyERC20_rewardToken"
        ],
        "loop_iter": "1",
        "msg": "RewardsController simple conf",
        "optimistic_loop": true,
        "process": "emv",
        "rule_sanity": "basic",
        "verify": "RewardsControllerHarness:certora/specs/RewardsController_verified.spec"
    },
    "cwd_relative": ".",
    "dirty": true,
    "origin": "https://github.com/twicek/aave-v3-periphery_contest.git",
    "raw_args": [
        "/home/seyni/.local/bin/certoraRun",
        "certora/conf/default.conf"
    ],
    "revision": "d17e129884b1d864b6c459ab6a61ba5cc6bb3ce8",
    "timestamp": "1690454500.100378"
}